MVINOMBRE,ACCIDENTES,PORCENTAJE
AVENIDA BOYACA,1051,8.6
AVENIDA CIUDAD DE CALI,976,7.98
AVENIDA DE LAS AMERICAS,496,4.06
AVENIDA DEL CONGRESO EUCARISTICO,488,3.99
AVENIDA CIUDAD DE QUITO,484,3.96
AVENIDA MEDELLIN,466,3.81
AVENIDA CIUDAD DE VILLAVICENCIO,446,3.65
AVENIDA CARACAS,436,3.57
AVENIDA PRIMERO DE MAYO,435,3.56
AVENIDA CENTENARIO,359,2.94
AVENIDA CHILE,334,2.73
AVENIDA ALBERTO LLERAS CAMARGO,310,2.54
AVENIDA JORGE ELIECER GAITAN,281,2.3
AVENIDA PASEO DE LOS LIBERTADORES,276,2.26
AVENIDA TRANSVERSAL DE SUBA,240,1.96
AVENIDA AGOBERTO MEJIA CIFUENTES,231,1.89
AVENIDA DEL SUR,227,1.86
AVENIDA JOSE CELESTINO MUTIS,225,1.84
AVENIDA JORGE GAITAN CORTES,198,1.62
AVENIDA MARISCAL SUCRE,179,1.46
AVENIDA BATALLON CALDAS,174,1.42
AVENIDA COLON,168,1.37
AVENIDA ALFREDO D BATEMAN,158,1.29
AVENIDA LAUREANO GOMEZ,155,1.27
AVENIDA DE LA CONSTITUCION,147,1.2
AVENIDA LUIS CARLOS GALAN,138,1.13
AVENIDA GENERAL SANTANDER,137,1.12
AVENIDA FERNANDO MAZUERA,135,1.1
AVENIDA DE LOS COMUNEROS,127,1.04
AVENIDA LONGITUDINAL DE OCCIDENTE,90,0.74
AVENIDA PABLO VI,89,0.73
AVENIDA FERROCARRIL DE OCCIDENTE,82,0.67
AVENIDA RODRIGO LARA BONILLA,80,0.65
AVENIDA TINTAL,78,0.64
AVENIDA GERMAN ARCINIEGAS,74,0.61
AVENIDA EL RINCON,72,0.59
AVENIDA COLOMBIA,70,0.57
AVENIDA POPORO QUIMBAYA,69,0.56
AVENIDA SANTA BARBARA,67,0.55
AVENIDA ESPANA,67,0.55
AVENIDA PEPE SIERRA,63,0.52
AVENIDA FERROCARRIL DEL SUR,62,0.51
AVENIDA BOSA,62,0.51
AVENIDA FUCHA,61,0.5
AVENIDA MANUEL CEPEDA VARGAS,59,0.48
AVENIDA GABRIEL ANDRADE,58,0.47
AVENIDA SAN JOSE,58,0.47
AVENIDA CIUDAD MONTES,49,0.4
AVENIDA PASEO DEL COUNTRY,48,0.39
AUTOPISTA AL LLANO,48,0.39
AVENIDA DE LA SIRENA,47,0.38
AVENIDA DEL SALITRE,46,0.38
AVENIDA DE LOS MUISCAS,44,0.36
AVENIDA ALSACIA,44,0.36
AVENIDA EL TABOR,43,0.35
AVENIDA BOLIVIA,42,0.34
AVENIDA CARLOS LLERAS RESTREPO,40,0.33
AVENIDA DE LA HORTUA,40,0.33
AVENIDA SANTA LUCIA,40,0.33
AVENIDA DE LAS MERCEDES,36,0.29
AVENIDA SAN JUAN BOSCO,36,0.29
AVENIDA CARRERA 106,35,0.29
AVENIDA CAMINO DEL PRADO,35,0.29
AVENIDA MORISCA,35,0.29
AVENIDA VERSALLES,34,0.28
AVENIDA DE LA ESMERALDA,34,0.28
AVENIDA CIUDAD DE LIMA,34,0.28
AVENIDA SAN ANTONIO,33,0.27
AVENIDA CASTILLA,31,0.25
AVENIDA CALLEJAS,27,0.22
AVENIDA IBERIA,27,0.22
AVENIDA TUNJUELITO,26,0.21
AVENIDA CONTADOR,25,0.2
AVENIDA FRANCISCO MIRANDA,24,0.2
AVENIDA TEUSAQUILLO,24,0.2
AVENIDA LAS VILLAS,24,0.2
AVENIDA PATRICIO SAMPER GNECCO,23,0.19
AVENIDA CONGRESO EUCARISTICO,22,0.18
AVENIDA DE LAS ORQUIDEAS,22,0.18
AUTOPISTA AL LLANO O AVENIDA BOYACA,22,0.18
AVENIDA DE LOS CERROS,21,0.17
AVENIDA FONTIBON,19,0.16
AVENIDA CUNDINAMARCA,19,0.16
AVENIDA INDUSTRIAL,18,0.15
VIA G,17,0.14
AVENIDA GONZALO ARIZA,17,0.14
AVENIDA 40 SUR,16,0.13
AVENIDA CEDRITOS,16,0.13
AVENIDA QUIROGA,16,0.13
AVENIDA DEL TAM,15,0.12
AVENIDA PUENTE ARANDA,15,0.12
AVENIDA CALLE 85,15,0.12
AVENIDA DE LA ESPERANZA,15,0.12
AVENIDA JIMENEZ,10,0.08
AVENIDA EL CORTIJO,10,0.08
AVENIDA ALEJANDRO OBREGON,10,0.08
AVENIDA GILBERTO ALZATE AVENDAÑO,10,0.08
AVENIDA FEDERICO LLERAS,7,0.06
CAMINO DE PASQUILLA,7,0.06
AVENIDA JOSE ASUNCION SILVA,7,0.06
AVENIDA JORGE URIBE BOTERO,7,0.06
AVENIDA PEDRO LEON TRABUCHY,6,0.05
AVENIDA REPUBLICA DEL LIBANO,5,0.04
AVENIDA MONSEÑOR JOSEMARIA ESCRIVA,5,0.04
AVENIDA DE LA GUACAMAYA,5,0.04
AVENIDA CIRCUNVALAR DEL SUR,5,0.04
AVENIDA SAN BERNARDINO,4,0.03
AVENIDA LA VICTORIA,4,0.03
AVENIDA DARIO ECHANDIA,3,0.02
AVENIDA CORDOBA,3,0.02
AVENIDA TOMAS CARRASQUILLA,3,0.02
AVENIDA DEL FERROCARRIL DEL SUR,3,0.02
AVENIDA MARIO UPEGUI HURTADO,2,0.02
AVENIDA LAS QUINTAS,2,0.02
AVENIDA TIBABITA,2,0.02
AVENIDA LA FISCALA,2,0.02
AVENIDA ENRIQUE GRAU ARAUJO,1,0.01
AVENIDA EL POLO,1,0.01
AVENIDA GUAYMARAL,1,0.01
AVENIDA 82,1,0.01
AVENIDA LOW MURTRA,1,0.01
CALLE ESTADO DE PALESTINA,1,0.01
AVENIDA CARRERA 103,1,0.01
