BARRIO,ACCIDENTES
TINTALA,285
LAS MARGARITAS,282
LOS ALAMOS,245
CIUDAD KENNEDY NORTE,218
HIPOTECHO,176
PROVIVIENDA,158
LAS DOS AVENIDAS,153
TIBABUYES,151
ESCOCIA,146
LAS DELICIAS,140
CENTRO FONTIBON,139
SUBA URBANO,138
HIPOTECHO SUR,135
PARIS,134
SANTA LUCIA,131
SABANA GRANDE,130
EL CHANCO I,129
PARQUE EL TUNAL,128
CIUDAD KENNEDY SUR,126
DINTALITO,121
SANTA HELENITA,121
PIO XII,118
TIMIZA,117
CIUDAD HAYUELOS,114
SABANA DE TIBABUYES,112
VILLA NELLY III SECTOR,111
MUZU,111
PINOS DE LOMBARDIA,110
AUTOPISTA MUZU,109
AEROPUERTO EL DORADO,108
FERROCAJA FONTIBON,108
BRASIL,107
BONANZA,107
SAN IGNACIO,106
RICAURTE,105
PATIO BONITO II,105
SAN FRANCISCO,104
EL RETAZO,104
HIPOTECHO OCCIDENTAL,103
VENECIA,102
ATENAS,97
EL CARMEN FONTIBON,97
PARIS GAITAN,97
SANTA ROSA,96
MARIA PAZ,95
CLUB DE LOS LAGARTOS,95
GALAN,94
SALAZAR GOMEZ,94
VILLA DEL RIO,92
NIZA NORTE,92
EL CORZO,91
VILLA ELISA,91
DINDALITO,90
LAGO DE SUBA,90
NORMANDIA,90
COOPERATIVA DE SUB-OFICIALES,89
PENSILVANIA,87
PROVIVIENDA OCCIDENTAL,87
MODELIA OCCIDENTAL,86
BOLIVIA,86
SANTA CECILIA,86
CIUDAD KENNEDY ORIENTAL,85
SALITRE OCCIDENTAL,84
SAN JOSE DE FONTIBON,83
SAN RAFAEL INDUSTRIAL,82
LA CABANA,80
SAN BERNARDINO,80
VERONA,80
ANDALUCIA II,79
BOCHICA II,79
MADELENA,79
JOSE ANTONIO GALAN,78
GRANJAS DE TECHO,77
SAN ANTONIO,77
BOSQUE POPULAR,77
PORCIUNCULA,76
LA ESTANCIA,76
VILLEMAR,76
PATIO BONITO,76
CHICO NORTE,75
BARLOVENTO,75
NIZA SUBA,75
LISBOA,73
FRANCO,73
OLAYA,72
VERSALLES FONTIBON,72
LA PAZ BOSA,71
AUTOPISTA MUZU ORIENTAL,70
EL ENSUENO,70
LOS CEDROS,70
MANDALAY,69
LA ESTRADA,69
RESTREPO,69
ORTEZAL,68
COSTA AZUL,68
TABORA,68
CASABLANCA,67
LA CATEDRAL,67
VEINTE DE JULIO,67
PARCELA EL PORVENIR,66
BOSA,66
CHICO SUR,66
QUIROGA SUR,65
VILLAS DE GRANADA I,64
LUSITANIA,64
REMANSO SUR,63
PASO ANCHO,63
LA PRADERA NORTE,62
SANTA FE,62
EL VERGEL,62
MARANDU,61
LA CASTELLANA,61
LA FRAGUA,61
MARSELLA,60
PUERTA DEL SOL,60
EL TINTAL CENTRAL,60
EL POA,60
PROVIVIENDA NORTE,60
ALQUERIA,59
ALQUERIA LA FRAGUA NORTE,59
ESTACION CENTRAL,59
PRIMAVERA OCCIDENTAL,59
LA ALAMEDA,58
ISLA DEL SOL,58
OSORIO III,58
LA GRANJA,57
SAN FERNANDO OCCIDENTAL,57
LA ESPERANZA NORTE,57
JIMENEZ DE QUESADA II SECTOR,57
SANTANDER SUR,57
SANTA BARBARA OCCIDENTAL,56
LA GAITANA,56
CIUDAD UNIVERSITARIA,56
TOCAREMA,56
BOSA NOVA EL PORVENIR,55
CIUDAD KENNEDY,55
CHUCUA DE LA VACA I,55
BOSA NOVA,55
BAVARIA,54
CIUDADELA EL RECREO,54
EL LISTON,54
VERAGUAS,54
POTOSI,54
LAS FLORES,53
EL CORTIJO,53
PRADO VERANIEGO,53
LA SOLEDAD NORTE,53
VOTO NACIONAL,53
SANTA TERESA DE SUBA,53
TORCA I,53
LA INDEPENDENCIA,53
SANTA BARBARA ORIENTAL,52
SANTA ISABEL SUR,52
LA LIBERTAD,52
BATAN,52
GUALOCHE,51
SAMORE,51
CHUCUA DE LA VACA II,51
EL DORADO,51
EL CEDRO,50
QUINTA CAMACHO,50
OLARTE,50
VENECIA OCCIDENTAL,49
JULIO FLOREZ,49
BOCHICA,49
CAMPIN,49
TOSCANA,49
CIUDAD TECHO II,49
LAS MERCEDES SUBA RURAL,49
ANDES NORTE,49
SANTA MARIA,49
BETANIA,49
LA CABANA FONTIBON,49
SAN VICENTE FERRER,48
CEDRITOS,48
SAN FERNANDO,48
EDUARDO SANTOS,48
CAMPO VERDE,48
GORGONZOLA,48
VILLA MAYOR ORIENTAL,48
JORGE ELIECER GAITAN,47
VEREDA EL TINTAL URBANO,47
LA PAZ,46
LA ESTANZUELA,46
PUENTE ARANDA,46
RONDA,46
SAN BERNARDINO I,46
PROVIVIENDA ORIENTAL,46
EL MINUTO DE DIOS,45
NORMANDIA OCCIDENTAL,45
LA PEPITA,45
CIUDADELA EL RECREO II,45
MODELIA,45
SAN MARTIN,45
INTERINDUSTRIAL,44
JARDIN BOTANICO,44
LOS CEREZOS,44
VILLA ALSACIA II,44
LOS LAURELES,44
COLOMBIA,44
NUEVO TECHO,44
BRASILIA,44
SAN JOSE SUR,44
BOSQUE CALDERON,43
LA ESTACION BOSA,43
BARRANCAS,42
REMANSO,42
PRADO VERANIEGO SUR,42
CHAPINERO OCCIDENTAL,42
LA CAMELIA,41
SANTA BIBIANA,41
EL CARMEN,41
CATALINA,41
LA ESPERANZA,41
CORREDOR FERREO DEL SUR,40
ALCALA,40
CLASS,40
LAS NIEVES,40
CENTRO INDUSTRIAL,40
SAN PABLO JERICO,40
GRAN COLOMBIANO,40
PARDO RUBIO,40
GRAN BRITALIA I,40
TUNAL ORIENTAL,40
GRANADA NORTE,40
EL CHIRCAL SUR,40
METROPOLIS,40
EL PINO,39
SANTA SOFIA,39
EL REFUGIO,39
CLARET,39
LA CALLEJA,39
LUCERO ALTO,39
SAN BERNARDINO XIX,38
SAN JOAQUIN,38
CIUDAD JARDIN NORTE,38
ARGELIA II,37
GILMAR,37
GARCES NAVAS,37
MARLY,37
JOSE MARIA CARBONEL,37
RINCON ALTAMAR,37
SANTA BARBARA,37
GRAN AMERICA,37
LA ESPERANZA SUR,36
TIMIZA A,36
ESTRELLA DEL NORTE,36
EL NOGAL,36
CIUDAD KENNEDY CENTRAL,36
VILLA AMALIA,36
SAMPER,36
SANTA TERESA,36
PARQUE POPULAR SALITRE,36
JOSE JOAQUIN VARGAS,36
LA PRADERA,36
SANTANDER,36
NICOLAS DE FEDERMAN,36
ABRAHAM LINCOLN,36
VILLA DEL MAR,35
MONTEVIDEO,35
EL TOBERIN,35
CHAPINERO CENTRAL,35
CIUDAD SALITRE NOR-ORIENTAL,35
SAN FRANCISCO RURAL,35
TUNA RURAL,35
CIUDAD HUNZA,34
JUAN XXIII,34
LA ANDREA,34
CIUDAD KENNEDY OCCIDENTAL,34
EL PARAISO BOSA,34
VERACRUZ,34
BRITALIA,34
EL BAGAZAL,34
CHICO NORTE III SECTOR,33
CANTAGALLO,33
VILLAS DE ALCALA,33
SAN CAYETANO,33
IBERIA,33
ARBORIZADORA BAJA,33
EL REAL,33
SAN CARLOS,33
SIERRA MORENA,33
TUNJUELITO,32
FLORENCIA,32
POLO CLUB,32
PALOQUEMAO,32
LA TRINIDAD,32
EL MOCHUELO ORIENTAL,32
LA GIRALDA,32
ESCUELA DE INFANTERIA,32
EL PLAN,32
VERBENAL SAN ANTONIO,32
CIUDAD JARDIN SUR,32
SANTA FE BOSA,32
BELEN FONTIBON,31
BOYACA,31
CAOBOS SALAZAR,31
JIMENEZ DE QUESADA,31
TIMIZA B,31
SAN JOSE DEL PRADO,31
ISLANDIA,31
DOCE DE OCTUBRE,31
EDUARDO FREY,31
SABANA DE TIBABUYES NORTE,31
MOLINOS NORTE,31
FLORIDA BLANCA,30
SANTA INES,30
BARAJAS NORTE,30
EL DORADO INDUSTRIAL,30
LOS EJIDOS,30
KASANDRA,30
EL LAUREL,30
EL VERVENAL,30
PRIMAVERA II,30
LA PICOTA,30
LAS ACACIAS,29
CANODROMO,29
LA FRAGUITA,29
VILLAS DE GRANADA,29
ALTOS DE CHOZICA,29
QUIRIGUA II,29
LAGO GAITAN,29
PASTRANA,29
BELLO HORIZONTE,29
LA ASUNCION,29
TEUSAQUILLO,28
EL RINCON,28
LAS AMERICAS,28
VILLA LUZ,28
JACQUELINE,28
SANTA BARBARA CENTRAL,28
BELALCAZAR,28
PABLO VI NORTE,28
LAS ORQUIDEAS,28
TEJAR,28
BRAVO PAEZ,28
ALAMOS,28
LAS FERIAS,28
PUENTE GRANDE,28
SAN DIEGO-BOSA,28
RINCON DEL CHICO,27
CENTRO ADMINISTRATIVO,27
CIUDAD SALITRE SUR-ORIENTAL,27
VILLA CARMENZA,27
SANTA ANA SUR,27
BARRANQUILLITA,27
LA CAROLINA,27
MOLINOS DEL SUR,27
CHICALA,27
VILLA MARIA,27
QUIROGA,27
CIUDADELA COLSUBSIDIO,26
SALITRE SUBA,26
MEXICO,26
PRADO PINZON,26
CIUDAD BERNA,26
TIBABITA,26
BERLIN,26
CHUCUA DE LA VACA III,26
EL RETIRO,26
VILLA ALSACIA,26
LA CORUNA,26
VILLA DE LOS ALPES I,26
CASA BLANCA SUR,26
CASABLANCA SUBA URBANO,26
JORGE URIBE BOTERO,25
SANTA TERESITA,25
VILLA DEL PRADO,25
ALCAZARES,25
MIRANDELA,25
LA MAGDALENA,25
PERDOMO ALTO,25
SAN ISIDRO,25
EL PARAISO,25
PUENTE LARGO,25
ALQUERIA LA FRAGUA II,25
CAMPO EUCARISTICO,25
CIUDAD DE CALI,25
SAN PABLO BOSA,25
VILLA MAYOR,25
LA CAPUCHINA,25
PARQUE NACIONAL ORIENTAL,25
LA AURORA,25
GARCES NAVAS ORIENTAL,25
SAN EUSEBIO,24
MARCO FIDEL SUAREZ I,24
ROMA,24
SOCIEGO,24
CAMELIA II,24
GALERIAS,23
SAN GABRIEL,23
BATALLON CALDAS,23
EL TINTAL IV,23
GUSTAVO RESTREPO,23
BANCO CENTRAL,23
LA SOLEDAD,22
EL EJIDO,22
VILLAS DEL PROGRESO,22
RESTREPO OCCIDENTAL,22
GRAN YOMASA,22
NUEVA TIBABUYES,22
FATIMA,22
PARQUE DISTRITAL SALITRE,22
SAN CRISTOBAL NORTE,22
LAS AGUAS,22
MARIA CRISTINA,21
MUEQUETA,21
LA LIBERIA,21
CAMPANELLA,21
MAZUREN,21
INDUSTRIAL CENTENARIO,21
MURILLO TORO,21
LOS ALMENDROS,21
SAN LUIS,21
RINCON DE SUBA,21
VILLA DE LOS ALPES,21
EL RINCON NORTE,21
SAN FELIPE,21
ESCUELA GENERAL SANTANDER,21
POLICARPA,21
TAIRONA,21
LA FAVORITA,20
ONCE DE NOVIEMBRE,20
NUEVA YORK,20
CAMPIN OCCIDENTAL,20
SAN PEDRO,20
SAN DIEGO,20
QUIROGA I,20
CEDRO SALAZAR,19
CALANDAIMA,19
GALICIA,19
AUTOPISTA MEDELLIN,19
INGLES,19
AURES,19
GARCES NAVAS SUR,19
CHICO NORTE II SECTOR,19
BAQUERO,19
EL JARDIN,19
AURES II,18
SAN MIGUEL,18
ALMIRANTE COLON,18
ENGATIVA ZONA URBANA,18
EL MUELLE,18
EL MADRIGAL,18
LOS ANGELES,18
OSPINA PEREZ SUR,18
EL RECUERDO,18
SAN JORGE SUR,18
SOTAVENTO,18
CIUDAD BACHUE,18
EL VERGEL ORIENTAL,18
QUIROGA CENTRAL,18
ANTIGUO COUNTRY,18
ESTORIL,18
FLORIDA,18
SOSIEGO SUR,18
SAGRADO CORAZON,18
BENJAMIN HERRERA,18
VALLADOLID,18
DIANA TURBAY,18
EL PROGRESO,18
RIONEGRO,18
TIBABUYES II,17
TIBANA,17
COMUNEROS,17
REMANSO URBANO,17
VEREDA SUBA CERROS II,17
BELLAVISTA LUCERO ALTO,17
EL VIRREY,17
BARRANCAS NORTE,17
SANTA RITA DE SUBA,17
PUERTA DE TEJA,17
PORTALES DEL NORTE,17
OSORIO XII,17
PARQUE NACIONAL,17
SUCRE,17
CENTENARIO,17
SAN VICTORINO,16
BARCELONA SUR,16
HOSPITAL SAN CARLOS,16
MONTEBLANCO,16
SENA,16
LA ESMERALDA,16
QUINTA PAREDES,16
EL CONTADOR,16
ACEVEDO TEJADA,16
SABANA DEL DORADO,16
HORIZONTES NORTE,16
SAN ANTONIO ENGATIVA,16
GRANADA SUR,16
SANTA LIBRADA NORTE,16
OSORIO X URBANO,15
GRAN GRANADA,15
BRISAS ALDEA FONTIBON,15
CASTILLA,15
CONCEPCION NORTE,15
SIETE DE AGOSTO,15
AUTOPISTA SUR,15
LAS CRUCES,15
LA LAGUNA FONTIBON,15
EL JAZMIN,15
LA SALLE,15
LUIS CARLOS GALAN,15
LOS SAUCES,15
CAMPO HERMOSO,15
EL RUBI,15
SEMINARIO,14
QUESADA,14
LLANO GRANDE,14
BOSQUE DE PINOS,14
LAS VILLAS,14
SAN PATRICIO,14
NUEVO MUZU,14
RAFAEL ESCAMILLA,14
NIZA SUR,14
BOSQUES DE SAN JORGE,14
MONTEBELLO,14
RINCON DE LA VALVANERA,14
BELLAVISTA OCCIDENTAL,13
SIMON BOLIVAR,13
SAN JAVIER,13
SANTO DOMINGO,13
ACACIAS USAQUEN,13
LA GAITANA ORIENTAL,13
PASADENA,13
LA MERCED NORTE,13
SAN ANTONIO NOROCCIDENTAL,13
LAS BRISAS,13
CHAPINERO NORTE,13
GUADALUPE,13
MARRUECOS,13
MONACO,13
SAN JOSE DE BAVARIA,13
SAN BENITO,13
NUEVA ZELANDIA,13
LECH WALESA,13
LA CAMPINA,13
LOS ANDES,12
CANAIMA,12
LA SERENA,12
TIBABUYES UNIVERSAL,12
SANTA HELENA,12
EL REMANSO I,12
VISION DE ORIENTE,12
EL CHICO,12
COLSEGUROS,12
COLON,12
PUERTA AL LLANO DE USME,12
SANTA MATILDE,12
ESCUELA DE CARABINEROS,12
VICTORIA NORTE,12
ARBORIZADORA ALTA,12
LIBERTADOR,12
ESTRELLA,11
LA URIBE,11
PALERMO,11
POPULAR MODELO,11
PALO BLANCO,11
CEMENTERIO JARDINES APOGEO,11
POTRERILLO,11
LA SABANA,11
EL CHANCO RURAL II,11
CERROS DE ORIENTE,11
VILLA GLADYS,11
SAN ANTONIO NORTE,11
PRIMERO DE MAYO,11
SIERRA MORENA II,11
JUAN PABLO II,11
PARAMO I,11
BUENOS AIRES,11
LA ESTRELLITA,10
VEREDA EL TINTAL,10
VILLA HERMOSA,10
EL PROGRESO USME,10
SAN AGUSTIN,10
RENANIA URAPANES,10
LA CHUCUA,10
VELODROMO,10
TECHO,10
LA PATRIA,10
GUADUAL FONTIBON,10
SAN JOSE DE USAQUEN,10
SEVILLA,10
EL PENON DEL CORTIJO,10
MARCO FIDEL SUAREZ,10
SAN VICENTE,10
EL ROSARIO,10
MILLAN,10
TINTALITO,10
LOMBARDIA,10
EL CARMELO,10
DANUBIO,9
ANTONIA SANTOS,9
CENTRAL DE MEZCLAS,9
QUINTA MUTIS,9
LOS ROSALES,9
VERGEL OCCIDENTAL,9
GRANJAS SAN PABLO,9
OSPINA PEREZ,9
PRIMAVERA,9
PARAMO,9
LOS LAURELES II,9
SANTA ANA OCCIDENTAL,9
RINCON DE SANTA INES,9
TIBABITA RURAL,9
PARAISO QUIBA,9
LA RIVIERA,9
EL GACO,9
SAN BERNARDINO POTRERITOS,9
USAQUEN,9
EL MOCHUELO II URBANO,9
LOS TRES REYES,9
PORVENIR,9
PRADO VERANIEGO NORTE,9
ESCUELA MILITAR,9
MODELO SUR,8
CIUDAD BACHUE I ETAPA,8
CASA BLANCA SUBA I,8
LA CABRERA,8
ESTRELLA DEL SUR,8
TIMIZA C,8
EL ENCANTO,8
SAN JOSE V SECTOR,8
ARBORIZADORA ALTA  II,8
ALTAMIRA,8
BUENAVISTA,8
MEISSEN,8
LA FLORIDA OCCIDENTAL,8
LOS LIBERTADORES,8
SANTA ISABEL,8
NARINO SUR,8
SAN CRISTOBAL SUR,8
SAN JUAN BAUTISTA,7
SANTIAGO PEREZ,7
TUNA ALTA,7
NUEVA GRANADA BOSA,7
PATIO BONITO III,7
GRAN BRITALIA,7
MONTES,7
SAN ANTONIO URBANO,7
EL ROCIO,7
TUNA BAJA,7
ALQUERIA LA FRAGUA,7
VEREDA SUBA NARANJOS,7
NUEVO SAN ANDRES,7
CAPELLANIA,7
BELLAVISTA,7
SAN MARTIN SUR,7
QUIBA URBANO,7
CASA DE TEJA,7
ALTOS DE SUBA,7
CANADA O GUIRA,7
PARAMO III RURAL,7
BILBAO,6
LA FISCALA NORTE,6
CIUDAD BACHUE II,6
JERUSALEN,6
LAS LOMAS,6
SAN BLAS,6
LOS ARRAYANES II,6
CENTRO NARINO,6
BELLA SUIZA,6
SAN RAFAEL,6
EL REDIL,6
QUINTA RAMOS,6
SAN BERNARDINO XXV,6
CENTRO ADMINISTRATIVO OCC.,6
ATAHUALPA,6
LUCERO DEL SUR,6
EL PINAR,6
LA CECILIA,6
LAS GUACAMAYAS II,6
BELLA FLOR SUR,6
EL CHANCO RURAL III,6
LAS FERIAS OCCIDENTAL,6
GIRARDOT,6
LA ORQUIDEA DE USME,6
VILLA ANNY I,6
JUAN REY SUR,6
BOSQUE DE PINOS I,6
JORGE GAITAN CORTES,6
CARACOLI,6
TIBABUYES OCCIDENTAL,6
LA VICTORIA,6
IRAGUA,6
LA PICOTA ORIENTAL,6
EL UVAL RURAL,5
LA PAMPA,5
BOLONIA I,5
JUAN REY (LA PAZ),5
LA COMUNA,5
VILLA ANNY II,5
LOS ALPES,5
TORCA RURAL II,5
EL CHARCO,5
BOITA,5
EL CEREZO,5
VILLA ANITA,5
SURAMERICA,5
MARIA CANO,5
SANTA ANA,5
CATALUNA,5
ALFONSO LOPEZ,5
ZONA FRANCA,5
CENTRO USME RURAL,5
BOSQUE DE MODELIA,5
TERMINAL DE TRANSPORTES,5
LOS MOLINOS,5
BARCELONA,5
CANDELARIA LA NUEVA,5
ARBORIZADORA ALTA I,5
PARAMO URBANO,5
RAFAEL NUNEZ,4
QUIRIGUA ORIENTAL,4
LA MACARENA,4
SAN LUIS ALTOS DEL CABO RURAL II,4
RAMAJAL,4
EL SALITRE,4
SANTA RITA SUR ORIENTAL,4
VILLA GLORIA,4
CALVO SUR,4
EL SATELITE,4
USMINIA,4
GIBRALTAR SUR,4
EL CORZO I,4
ARMENIA,4
LAGUNITAS,4
VILLA MARIA I,4
PAULO VI,4
ATLANTA,4
SAN GABRIEL NORTE,4
EMAUS,4
LA REFORMA,4
LA PERSEVERANCIA,4
SANTA INES SUR II,4
SANTA LIBRADA,4
EL DANUBIO AZUL,4
CORABASTOS,4
GINEBRA,4
VILLABEL,4
DESARROLLO BRAZUELOS,4
MORALBA,4
BELEN,4
EGIPTO,4
CENTRO ENGATIVA II,4
LA FAENA,4
SUBA CERROS,3
LOS NARANJOS,3
SANTA INES SUR,3
LA BELLEZA,3
VITELMA,3
COUNTRY CLUB,3
LAS MERCEDES,3
EL MOCHUELO II,3
QUIBA I,3
CARMEN DEL SOL,3
EL PORTAL DEL BRASIL,3
LOS ALPES SUR,3
LA GRANJA NORTE,3
ENGATIVA EL DORADO,3
LA HORTUA,3
DESARROLLO BRAZUELOS I,3
CALLEJON SANTA BARBARA,3
ESPARTILLAL,3
PARAMO RURAL V,3
VILLA ISRAEL,3
EL BOSQUE,3
SAN CARLOS DE SUBA,3
MORAVIA,3
COMPARTIR,3
SAUCEDAL,3
PUERTO RICO,3
VILLA CANDELARIA,3
TTES DE COLOMBIA,3
ANTONIO JOSE DE SUCRE,3
SAN BLAS II,3
LA RESURRECCION,3
LA CAROLINA DE SUBA,3
LOURDES,3
SAN JOSE SUR ORIENTAL,3
EL PLAYON,3
RAMIREZ,3
QUINTAS DEL SUR,3
LA CITA,3
BELLAVISTA SUR,3
CANAVERALEJO,3
SANTA CATALINA,3
SAN BERNARDINO II,3
ALCAZARES NORTE,2
INGEMAR ORIENTAL I,2
SANTA MONICA,2
CHAPINERITO,2
ARBOLEDA SANTA TERESITA,2
NUEVA DELHI,2
LOS TRES REYES I,2
VILLA EMMA,2
LA TORRE,2
CASABLANCA SUBA,2
SERRANIAS,2
EL PEDREGAL,2
RAFAEL URIBE,2
LA MARICHUELA,2
LAS MANAS,2
DANUBIO II,2
ESPINO I,2
TIBABITA I,2
VILLA SAGRARIO,2
QUINDIO,2
LA REQUILINA,2
LA FISCALA,2
CATALINA II,2
SAN BERNARDINO XVIII,2
SANTA VIVIANA,2
USATAMA,2
EL PORVENIR DE LOS SOCHES,2
YOMASA NORTE,2
CENTRO USME URBANO,2
SAMPER MENDOZA,2
LA ESTRADITA,2
PARAMO I RURAL,2
BOLONIA,2
EL NUEVO PORTAL,2
CIUDAD LONDRES RURAL,2
DIANA TURBAY CULTIVOS,2
GUAYMARAL,2
VEREDA EL TINTAL RURAL,2
CORDILLERA DEL SUR,1
SAN BERNARDINO XXII URBANO,1
LA ESPERANZA DE USME,1
SAN BERNARDINO XXV URBANO,1
EL NEVADO II,1
CONEJERA,1
SIBERIA CENTRAL,1
SAN PEDRO SUR,1
SERRANIAS I,1
ARABIA,1
SAN GABRIEL NORTE II,1
CEDRO NARVAEZ,1
LA PEÑA RURAL,1
BOLIVIA ORIENTAL,1
LA VALVANERA,1
VILLAS EL DIAMANTE,1
TIBAQUE III,1
TIBABITA RURAL I,1
EL MOCHUELO III,1
LA MERCED,1
HOYA SAN CRISTOBAL,1
QUIBA BAJO,1
SIBERIA,1
YOMASA,1
TUNDAMA,1
LA GLORIA ORIENTAL,1
CHARCO URBANO,1
DUITAMA,1
SUMAPAZ,1
PARAMO IV,1
CHISACA,1
CORDOBA,1
SAN FELIPE DE USME,1
QUIBA,1
LAS GUACAMAYAS IV,1
LA RESURRECCION I,1
EL MIRADOR II,1
FISCALA ALTA,1
LA MARIA,1
BOSQUE DE LOS ALPES,1
EL GUAVIO,1
BELLA FLOR,1
LOS CEDROS ORIENTAL,1
BARRANCAS ORIENTAL RURAL,1
QUIRIGUA I,1
AREA ARTILLERIA,1
MIRADOR DEL NORTE,1
LOS SOCHES,1
ESCUELA DE CABALLERIA II,1
